participant_id,sumdpi,rankdpi,sumnpi,ranknpi,sumtransitive,ranktransitive,diff_npi_dpi,diff_transitive_dpi,diff_transitive_npi
SPECSAVERS OPTICAL SUPERSTORES LTD$UNITED KINGDOM$1721624,4,42441,1452.95022222222,1,1482.18842011308,1,1448.95022222222,1478.18842011308,29.2381978908597
ANDREW$SIMON$DAVIS$1963$7,14.5042,2788,869.487555555556,6,881.3365356159,5,854.983355555556,866.8323356159,11.8489800603431
SC095000,5,24872,670.525666666667,8,735.610780469834,7,665.525666666667,730.610780469834,65.0851138031673
11443992,11,5149,591.460888888889,10,669.338549583877,9,580.460888888889,658.338549583877,77.8776606949871
READE$NA$GRIFFITH$1965$4,1.4972,491331,636.465111111111,9,657.49955601355,10,634.967911111111,656.00235601355,21.0344449024385
PERSIMMON PLC$ENGLAND$1818486,14,2911,578.420555555556,11,586.035982151633,11,564.420555555556,572.035982151633,7.6154265960771
INTERTRUST N.V.$THE NETHERLANDS$N/A,1,887094,511.782222222222,12,519.652355682228,12,510.782222222222,518.652355682228,7.87013346000617
08885072,1,1226949,389.079222222222,19,468.031302647188,18,388.079222222222,467.031302647188,78.9520804249655
06035106,14,2982,474.829444444445,16,480.114910906034,15,460.829444444445,466.114910906034,5.28546646158912
10657226,10,6219,342.955333333334,23,462.050947342302,19,332.955333333334,452.050947342302,119.095614008968
00604574,31,587,473.602,17,481.125633609192,14,442.602,450.125633609192,7.5236336091923
11444019,6,17408,386.593444444445,20,403.985152490125,21,380.593444444445,397.985152490125,17.3917080456807
03981143,19,1624,411.697111111111,18,414.491202616254,20,392.697111111111,395.491202616254,2.79409150514357
10510800,1,1535931,366.270333333333,21,370,23,365.270333333333,369,3.72966666666673
SUN LIFE FINANCIAL INC.$CANADA$F380,1,2086664,358.225444444444,22,364.651221643269,24,357.225444444444,363.651221643269,6.42577719882496
00102498,18,1757,336.391666666667,26,377.785641323169,22,318.391666666667,359.785641323169,41.3939746565019
04569346,4,45566,328.479,27,332.883401968393,28,324.479,328.883401968393,4.40440196839307
01417162,13,3477,320.993555555555,28,333.114660129009,27,307.993555555555,320.114660129009,12.121104573454
02468686,3.9928,58547,305.836888888889,29,316.091281388984,29,301.844088888889,312.098481388984,10.2543925000952
03777037,35.4911,458,338.669111111111,25,345.770230509207,25,303.178011111111,310.279130509207,7.10111939809553
00621920,7.5086,11060,295.787333333333,30,301.826105187632,30,288.278733333333,294.317505187632,6.03877185429838
00296805,9.5097,6642,283.340333333333,33,289.902171627357,32,273.830633333333,280.392471627357,6.56183829402386
01142830,17.3204,1948,276.395222222222,35,290.62995167509,31,259.074822222222,273.30955167509,14.2347294528681
02877315,2,176901,269.693888888889,37,273.241267886102,37,267.693888888889,271.241267886102,3.54737899721323
WOODLEY$LARKIN$HUNT$1945$11,1,1331918,256.523555555556,39,261.339361555954,38,255.523555555556,260.339361555954,4.81580600039837
HANNOVER RUCK SE$GERMANY$HRB 6778,3,82217,258.389888888889,38,261,39,255.389888888889,258,2.61011111111122
00082548,39,365,286.73,31,289.415186936244,33,247.73,250.415186936244,2.68518693624372
08340090,1,785896,245.526666666667,43,248,42,244.526666666667,247,2.47333333333344
10763268,2,306820,245.016666666667,44,247.665776742879,44,243.016666666667,245.665776742879,2.6491100762122
04967001,3.1677,71002,242.283111111111,46,247.855191284282,43,239.115411111111,244.687491284282,5.57208017317043
HEIDELBERGCEMENT AG$GERMANY$HRB 33082,2,210440,236.095777777778,48,246.443097797991,45,234.095777777778,244.443097797991,10.3473200202133
OC360196,2,242598,252.407222222222,40,241.635711925833,48,250.407222222222,239.635711925833,-10.7715102963891
08286875,45.8382,268,271.165444444445,36,284.837428399735,35,225.327244444445,238.999228399736,13.6719839552909
CRH PLC$IRELAND$12965,1,617583,230.075888888889,50,235.350874688043,51,229.075888888889,234.350874688043,5.27498579915408
OC332179,2,183094,227.677555555556,52,230.332888592395,52,225.677555555556,228.332888592395,2.65533303683935
SEMPERIAN PPP INVESTMENT PARTNERS HOLDINGS LIMITED$NA$NA,1,961566,229.452111111111,51,229.246004751229,54,228.452111111111,228.246004751229,-0.206106359882426
STEPHEN$STUART SOLOMON$CONWAY$1948$2,10,5851,233.584888888889,49,237.537965323381,50,223.584888888889,227.537965323381,3.95307643449249
OC301825,17,2009,239.057666666667,47,242.212988425641,47,222.057666666667,225.212988425641,3.15532175897408
BRYAN$ANTHONY$THORNTON$1955$7,69.9992,135,284.260888888889,32,287.332221480987,34,214.261688888889,217.333021480987,3.07133259209854
01470151,38,387,251.364888888889,42,252.900520102143,40,213.364888888889,214.900520102143,1.53563121325368
MICHAEL$BARRY$TABOR$1941$10,2,194884,211.140666666667,60,214.829760965527,58,209.140666666667,212.829760965527,3.68909429886025
00306718,2,173704,211.167444444445,59,213.813343161875,59,209.167444444445,211.813343161875,2.64589871743056
SC045551,4,42589,211.497,58,213.557523551435,60,207.497,209.557523551435,2.06052355143524
BELLWAY P.L.C.$ENGLAND$1372603,21,1279,227.340222222222,53,229.460570633214,53,206.340222222222,208.460570633214,2.12034841099197
05172586,1,619407,207.170222222222,64,209.167889557863,63,206.170222222222,208.167889557863,1.99766733564073
RADOVAN$NA$KOLJEVIC$1967$5,4,47760,208.412777777778,63,210.999332888592,62,204.412777777778,206.999332888592,2.58655511081454
03140521,35.5041,453,226.638222222222,55,241.120645742615,49,191.134122222222,205.616545742615,14.4824235203928
06397765,7.5069,11088,208.652111111111,62,211.130367917775,61,201.145211111111,203.623467917775,2.47825680666418
OLUWOLE$NA$KOLADE$1966$11,4,57071,197.168333333333,70,204.402107259893,66,193.168333333333,200.402107259893,7.23377392655939
BENZION$SCHALOM ELIEZER$FRESHWATER$1948$4,19.5484,1526,216.430333333333,56,215.557869788565,57,196.881933333333,196.009469788565,-0.872463544768436
ROMY$ELIZABETH$SUMMERSKILL$1967$1,6.5042,15243,199.066222222222,68,200.878082442063,69,192.562022222222,194.373882442063,1.81186021984072
SENTTHURAN$NA$NADARAJAH$1979$11,13,3685,205.072666666667,66,207,64,192.072666666667,194,1.92733333333339
00521970,24,969,209.580444444445,61,217.943276147564,56,185.580444444444,193.943276147564,8.3628317031195
04120344,1,592751,191.048666666667,71,193.500249906766,72,190.048666666667,192.500249906766,2.45158324009947
KEITH$NA$BRESLAUER$1966$3,3.0098,71852,190.085222222222,72,192.94594185951,73,187.075422222222,189.93614185951,2.86071963728801
OC313101,10.0091,5699,189.673777777778,73,191.798555400488,74,179.664677777778,181.789455400488,2.12477762271021
PATRICK$ANTHONY$MCKENNA$1956$6,7,13432,182.905444444444,79,184.950746253802,75,175.905444444444,177.950746253802,2.04530180935731
MANJIT$NA$DALE$1965$6,2.3176,162072,163.911666666667,92,178.248028826349,81,161.594066666667,175.930428826349,14.3363621596826
STEPHEN$JAMES$ROBERTSON$1960$3,2.3488,156655,186.561666666667,76,178.248028826349,80,184.212866666667,175.899228826349,-8.31363784031754
SC286832,19,1623,189.588777777778,74,194.009419943477,71,170.588777777778,175.009419943477,4.42064216569923
JEAN-GUY$NA$DESJARDINS$1944$10,8,9585,165.875,88,180.731962006548,78,157.875,172.731962006548,14.8569620065477
04330127,2,185351,172.353,85,174.666277436318,85,170.353,172.666277436318,2.31327743631806
GUY$NA$HANDS$1959$8,12.5038,3793,183.917666666667,77,183.377417210637,76,171.413866666667,170.873617210637,-0.540249456029898
VISTRY (JERSEY) LIMITED$JERSEY$130175,1,672013,161.530777777778,99,171.767151202623,87,160.530777777778,170.767151202623,10.2363734248455
QATAR INVESTMENT AUTHORITY$QATAR$/,0.9864,2818663,150.943333333333,114,170.469159583876,91,149.956933333333,169.482759583876,19.5258262505427
BROOKFIELD ASSET MANAGEMENT INC$CANADA$/,1.0136,555776,186.598,75,170.469159583876,90,185.5844,169.455559583876,-16.1288404161239
06394563,3,78751,168.266,86,170.02573434901,92,165.266,167.02573434901,1.75973434901024
07023200,1,962994,165.817333333333,89,167.665219974605,95,164.817333333333,166.665219974605,1.84788664127171
OC333409,4,42092,164.090222222222,91,169.773887544448,93,160.090222222222,165.773887544448,5.68366532222564
SOFTBANK GROUP CORP$JAPAN$0104-01-056795,3,80640,163.836444444444,93,168.66025626587,94,160.836444444444,165.66025626587,4.82381182142512
11499533,1,1443396,162.169888888889,97,163.898038919407,97,161.169888888889,162.898038919407,1.72815003051784
07934492,8,9563,168.187111111111,87,170.819869720549,88,160.187111111111,162.819869720549,2.63275860943807
08379990,11.4977,4578,162.343222222222,96,172.558543709203,86,150.845522222222,161.060843709203,10.2153214869812
00445790,19.5101,1527,178.167555555556,82,180.399232361494,79,158.657455555556,160.889132361494,2.23167680593886
03199160,4,42466,162.718555555556,94,164.33318506947,96,158.718555555556,160.33318506947,1.61462951391485
02708030,2,179758,160.509555555556,101,161.051230246867,101,158.509555555556,159.051230246867,0.54167469131167
11606773,3,93217,162.071444444444,98,161.809404862073,99,159.071444444444,158.809404862073,-0.262039582371528
SEAN$MICHAEL$DINNEN$1968$3,1,2659434,157.004444444444,106,158.573288802633,103,156.004444444444,157.573288802633,1.56884435818873
CASTLE BIDCO LIMITED$UNITED KINGDOM$5988526,1,609460,157.867666666667,105,158.345681428497,104,156.867666666667,157.345681428497,0.478014761829996
00617987,15.2227,2511,160.153666666667,102,170.760746414119,89,144.930966666667,155.538046414119,10.6070797474518
THE BRITISH UNITED PROVIDENT ASSOCIATION LIMITED$ENGLAND$432511,1,656307,154.393222222222,108,155.868768815271,106,153.393222222222,154.868768815271,1.47554659304876
STEPHEN$ALLEN$SCHWARZMAN$1947$2,90,96,243.444333333333,45,244.6992587951,46,153.444333333333,154.6992587951,1.25492546176619
IMRAN$NA$HAKIM$1977$9,4.6661,33921,154.101666666667,110,158.30270905129,105,149.435566666667,153.63660905129,4.20104238462346
CHARLES$GUY$CAMROUX-OLIVER$1970$4,1.2452,551192,162.649666666667,95,151.791367871721,110,161.404466666667,150.546167871721,-10.8582987949457
TIMOTHY$PATRICK CAMROUX$OLIVER$1944$3,0.2488,3911463,183.432777777778,78,150.791367871721,113,183.183977777778,150.542567871721,-32.6414099060569
JAMES$RICHARD$CAMROUX-OLIVER$1967$9,0.2506,3909000,129.433666666667,144,150.791367871721,111,129.183066666667,150.540767871721,21.3577012050542
ALEXA$KATE LOUISE CAMROUX$PEARMUND$1974$12,0.2554,3903961,122.389,164,150.791367871721,112,122.1336,150.535967871721,28.402367871721
00293262,1,594882,148.146333333333,117,150.022282279097,114,147.146333333333,149.022282279097,1.87594894576387
THE LEADERS ROMANS MIDCO2 LIMITED$ENGLAND$9939213,1,1399100,147.481333333333,118,149,116,146.481333333333,148,1.51866666666672
OC329299,7,13415,157.924333333333,104,153.688376714201,109,150.924333333333,146.688376714201,-4.23595661913217
08669482,6.507,15133,149.444111111111,116,148.622813846579,117,142.937111111111,142.115813846579,-0.821297264532518
03942129,7,12849,146.559666666667,119,148.500250109757,118,139.559666666667,141.500250109757,1.94058344308993
04369054,2,211643,141.481333333333,129,143.298790128817,125,139.481333333333,141.298790128817,1.81745679548422
00998314,18.9966,1677,159.077,103,160,102,140.0804,141.0034,0.922999999999945
MARK$DAVID$STOTT$1972$4,8,9812,151.257777777778,113,148.326943547396,119,143.257777777778,140.326943547396,-2.93083423038166
ALISTAIR$NA$STEELE$1953$11,6,20851,144.591888888889,121,146,121,138.591888888889,140,1.40811111111108
GRANDVISION N.V.$NETHERLANDS$50338269,2,226915,135.064333333333,141,141.853357055101,131,133.064333333333,139.853357055101,6.78902372176793
SONY CORPORATION$JAPAN$5010401067252,10,5898,143.083555555556,126,149.025068804305,115,133.083555555556,139.025068804305,5.94151324874986
THE BERKELEY GROUP PLC$ENGLAND & WALES$1454064,38.4924,381,178.171555555556,81,177.436350655372,82,139.679155555556,138.943950655372,-0.73520490018322
OC301604,9.5009,6764,150.549333333333,115,147.836555181346,120,141.048433333333,138.335655181346,-2.71277815198775
